Class,Precision,Recall,F1-score,Support,Percentage
commercial unit,0.04838709677419355,0.015706806282722512,0.023715415019762844,191,11.09
flat,0.5514809590973202,0.6286173633440515,0.5875281743050338,622,36.12
houseorplot,0.4234875444839858,0.47695390781563124,0.44863336475023563,499,28.98
landparcel,0.358974358974359,0.24561403508771928,0.2916666666666667,171,9.93
others,0.2610294117647059,0.29707112970711297,0.27788649706457924,239,13.88
